{
  "loss": [
    0.7644801139831543,
    0.4069356322288513,
    0.3333583176136017,
    0.2798466086387634,
    0.2534853518009186,
    0.22520653903484344,
    0.20225559175014496,
    0.19235660135746002,
    0.17580829560756683,
    0.16227875649929047,
    0.15588362514972687,
    0.14848527312278748,
    0.14081041514873505,
    0.13303495943546295,
    0.127068892121315,
    0.12508396804332733,
    0.10731052607297897,
    0.1182950884103775,
    0.11265208572149277,
    0.06704401224851608,
    0.05302322655916214,
    0.04891231283545494,
    0.04849141836166382,
    0.04475987330079079,
    0.041185587644577026,
    0.04069431498646736,
    0.03837926685810089,
    0.03554020822048187,
    0.03459727019071579,
    0.030260225757956505,
    0.028796378523111343,
    0.029218195006251335,
    0.02995886653661728
  ],
  "accuracy": [
    0.7524074912071228,
    0.8657258749008179,
    0.8860759735107422,
    0.9048513174057007,
    0.9138150215148926,
    0.9230210185050964,
    0.9292593002319336,
    0.9324692487716675,
    0.9399794340133667,
    0.9436133503913879,
    0.9456725716590881,
    0.9465205073356628,
    0.950941801071167,
    0.9517291784286499,
    0.9548180103302002,
    0.9552419781684875,
    0.9624492526054382,
    0.956695556640625,
    0.9592393040657043,
    0.9765005111694336,
    0.9820119738578796,
    0.9834655523300171,
    0.9837684035301208,
    0.9847374558448792,
    0.9866755604743958,
    0.9875840544700623,
    0.9874023199081421,
    0.9882502555847168,
    0.9887953400611877,
    0.9901278018951416,
    0.9908545613288879,
    0.9910968542098999,
    0.9904305934906006
  ],
  "precision": [
    0.8639293313026428,
    0.9039405584335327,
    0.9172592163085938,
    0.927105188369751,
    0.9330092072486877,
    0.9384904503822327,
    0.943149209022522,
    0.9466086030006409,
    0.9518550634384155,
    0.9539554715156555,
    0.9555322527885437,
    0.9537259340286255,
    0.9576755166053772,
    0.9590984582901001,
    0.9608168005943298,
    0.9622815251350403,
    0.9670047760009766,
    0.9615172743797302,
    0.9635375142097473,
    0.9797383546829224,
    0.9831095337867737,
    0.9852333664894104,
    0.985234260559082,
    0.9860934019088745,
    0.9879773855209351,
    0.9889489412307739,
    0.9889448881149292,
    0.9891937971115112,
    0.9898646473884583,
    0.9911397099494934,
    0.9913855791091919,
    0.991811215877533,
    0.9912009239196777
  ],
  "recall": [
    0.6575616002082825,
    0.825268030166626,
    0.8594270348548889,
    0.8835321664810181,
    0.8949791193008423,
    0.9074556231498718,
    0.9163587689399719,
    0.9213252067565918,
    0.9291987419128418,
    0.9348313212394714,
    0.9383441209793091,
    0.9387075304985046,
    0.9442189931869507,
    0.9458543062210083,
    0.9490036964416504,
    0.9502755999565125,
    0.9585124850273132,
    0.9518502950668335,
    0.9554842114448547,
    0.9752286076545715,
    0.9800133109092712,
    0.9819514155387878,
    0.9820119738578796,
    0.9834655523300171,
    0.9854642152786255,
    0.9864332675933838,
    0.986069917678833,
    0.9868572354316711,
    0.9878262877464294,
    0.9891587495803833,
    0.989764392375946,
    0.990309476852417,
    0.9892798662185669
  ],
  "val_loss": [
    0.33690017461776733,
    0.2668812572956085,
    0.24749703705310822,
    0.2297048419713974,
    0.21125973761081696,
    0.19928668439388275,
    0.20277546346187592,
    0.20537982881069183,
    0.20626941323280334,
    0.1940370351076126,
    0.19004203379154205,
    0.19322732090950012,
    0.18573640286922455,
    0.18017332255840302,
    0.19064763188362122,
    0.1886240690946579,
    0.18859709799289703,
    0.19449959695339203,
    0.1983995884656906,
    0.17574486136436462,
    0.17900602519512177,
    0.18043793737888336,
    0.17296649515628815,
    0.17692643404006958,
    0.1766577512025833,
    0.17567041516304016,
    0.1781328022480011,
    0.17878100275993347,
    0.17398181557655334,
    0.17428839206695557,
    0.17492109537124634,
    0.1762458086013794,
    0.17468418180942535
  ],
  "val_accuracy": [
    0.8960503935813904,
    0.9147080183029175,
    0.9190695285797119,
    0.9214926362037659,
    0.9273079633712769,
    0.9294887185096741,
    0.9309425950050354,
    0.9326387047767639,
    0.9309425950050354,
    0.9367579221725464,
    0.9389386773109436,
    0.9355463981628418,
    0.9372425675392151,
    0.9408771395683289,
    0.9399079084396362,
    0.9386963844299316,
    0.9437848329544067,
    0.9394233226776123,
    0.937969446182251,
    0.9479040503501892,
    0.9462078809738159,
    0.945965588092804,
    0.9483886361122131,
    0.9469348192214966,
    0.9464502334594727,
    0.9469348192214966,
    0.9449963569641113,
    0.9486309885978699,
    0.9483886361122131,
    0.9481463432312012,
    0.9479040503501892,
    0.9469348192214966,
    0.9488732814788818
  ],
  "val_precision": [
    0.9321004152297974,
    0.9385204315185547,
    0.9354919791221619,
    0.9347988963127136,
    0.9391606450080872,
    0.9390274286270142,
    0.9408575892448425,
    0.9416400194168091,
    0.9401477575302124,
    0.9458261728286743,
    0.9439823627471924,
    0.9407733678817749,
    0.9451115131378174,
    0.9470458626747131,
    0.9459261298179626,
    0.9435069561004639,
    0.9495839476585388,
    0.9433317184448242,
    0.94287109375,
    0.9507316946983337,
    0.9498050808906555,
    0.9493917226791382,
    0.9510353207588196,
    0.9514634013175964,
    0.9502681493759155,
    0.9509755969047546,
    0.948405921459198,
    0.9520097374916077,
    0.9524853825569153,
    0.9509994983673096,
    0.9512789249420166,
    0.9498539566993713,
    0.9524853825569153
  ],
  "val_recall": [
    0.8548582792282104,
    0.891446590423584,
    0.9030773043632507,
    0.9067118763923645,
    0.9164041876792908,
    0.9217349290847778,
    0.9251272082328796,
    0.9265810251235962,
    0.9248849153518677,
    0.9307002425193787,
    0.9350618124008179,
    0.9314271807670593,
    0.9345771670341492,
    0.9360310435295105,
    0.9367579221725464,
    0.9348194599151611,
    0.9401502013206482,
    0.9357886910438538,
    0.9357886910438538,
    0.9445117712020874,
    0.9445117712020874,
    0.94548100233078,
    0.945965588092804,
    0.9452386498451233,
    0.9445117712020874,
    0.9447540640830994,
    0.9442694187164307,
    0.9469348192214966,
    0.9471771121025085,
    0.9452386498451233,
    0.9462078809738159,
    0.94548100233078,
    0.9471771121025085
  ],
  "lr": [
    