{
  "loss": [
    0.7451291680335999,
    0.4016927182674408,
    0.3219863772392273,
    0.2758803069591522,
    0.2487865537405014,
    0.2241377830505371,
    0.20640705525875092,
    0.19038118422031403,
    0.16706183552742004,
    0.16749165952205658,
    0.15865041315555573,
    0.09683351218700409,
    0.08382651209831238,
    0.0764605700969696,
    0.07081954181194305,
    0.06948874145746231,
    0.06729457527399063,
    0.06407393515110016,
    0.06141747906804085,
    0.05551670119166374
  ],
  "accuracy": [
    0.7602810263633728,
    0.8663315176963806,
    0.894312858581543,
    0.9064260125160217,
    0.9136333465576172,
    0.9230210185050964,
    0.928895890712738,
    0.9327720999717712,
    0.9417358040809631,
    0.9416146874427795,
    0.9431893825531006,
    0.966688871383667,
    0.9698988795280457,
    0.9734722375869751,
    0.9768639206886292,
    0.9778935313224792,
    0.9768033623695374,
    0.9792259931564331,
    0.9798921942710876,
    0.980618953704834
  ],
  "precision": [
    0.8651782274246216,
    0.9065501093864441,
    0.9213317036628723,
    0.9284082055091858,
    0.9327371120452881,
    0.9392631649971008,
    0.9426846504211426,
    0.9452318549156189,
    0.9530496001243591,
    0.9504560232162476,
    0.9527156352996826,
    0.9706529974937439,
    0.9744405150413513,
    0.9771895408630371,
    0.9804902076721191,
    0.9808043837547302,
    0.9797062873840332,
    0.9822571873664856,
    0.9826293587684631,
    0.9835078120231628
  ],
  "recall": [
    0.6688874363899231,
    0.8290230631828308,
    0.8682090640068054,
    0.8859547972679138,
    0.8969777822494507,
    0.9094542860984802,
    0.9174489974975586,
    0.9209012389183044,
    0.9331355094909668,
    0.9341651201248169,
    0.9359820485115051,
    0.9615408182144165,
    0.9651747345924377,
    0.9703834056854248,
    0.974017322063446,
    0.974804699420929,
    0.9736539125442505,
    0.9757131338119507,
    0.9764399528503418,
    0.9788020253181458
  ],
  "val_loss": [
    0.3134700059890747,
    0.26748377084732056,
    0.22615286707878113,
    0.21790163218975067,
    0.2184622883796692,
    0.19170701503753662,
    0.2056216597557068,
    0.2011125683784485,
    0.19342763721942902,
    0.19344072043895721,
    0.20816189050674438,
    0.17075206339359283,
    0.16867701709270477,
    0.17197851836681366,
    0.16607916355133057,
    0.1645170897245407,
    0.1661273092031479,
    0.16257813572883606,
    0.16816039383411407,
    0.16645167768001556
  ],
  "val_accuracy": [
    0.9006542563438416,
    0.9096195697784424,
    0.9227041602134705,
    0.9214926362037659,
    0.9248849153518677,
    0.9345771670341492,
    0.9309425950050354,
    0.9287618398666382,
    0.9314271807670593,
    0.9357886910438538,
    0.9328809976577759,
    0.9408771395683289,
    0.9418463706970215,
    0.9408771395683289,
    0.9437848329544067,
    0.9416040778160095,
    0.9408771395683289,
    0.9433002471923828,
    0.9425733089447021,
    0.9435425400733948
  ],
  "val_precision": [
    0.9430680274963379,
    0.9337241649627686,
    0.9391130208969116,
    0.9380928874015808,
    0.9349331855773926,
    0.9448584318161011,
    0.941453754901886,
    0.9370991587638855,
    0.9399014711380005,
    0.9419686794281006,
    0.9394310712814331,
    0.9456947445869446,
    0.9455699324607849,
    0.9460712671279907,
    0.9491815567016602,
    0.9457610845565796,
    0.9457743167877197,
    0.947998046875,
    0.9470085501670837,
    0.9480361342430115
  ],
  "val_recall": [
    0.8669735789299011,
    0.8875696659088135,
    0.9081657528877258,
    0.910588800907135,
    0.9156772494316101,
    0.9217349290847778,
    0.9195541739463806,
    0.9205234050750732,
    0.9246426224708557,
    0.93215411901474,
    0.9282771944999695,
    0.9367579221725464,
    0.9386963844299316,
    0.9394233226776123,
    0.9413617849349976,
    0.937969446182251,
    0.9382117986679077,
    0.9408771395683289,
    0.9396656155586243,
    0.9416040778160095
  ],
  "lr": [
    0.0010000000474974513,
    0.0010000000474974513,
    0.0010000000474974513,
    0.0010000000474974513,
    0.0010000000474974513,
    0.0010000000474974513,
    0.0010000000474974513,
    0.0010000000474974513,
    0.0010000000474974513,
    0.0010000000474974513,
    0.0010000000474974513,
    0.00020000000949949026,
    0.00020000000949949026,
    0.00020000000949949026,
    0.00020000000949949026,
    0.00020000000949949026,
    0.00020000000949949026,
    0.00020000000949949026,
    0.00020000000949949026,
    0.00020000000949949026
  ]
}